scenario,case,dimension,group,target_bus_trips,share_target_trips_using_drt,share_target_trips_to_car,mean_delta_journey_min,scenario_wait_mean_min,scenario_wait_p95_min,mean_delta_wait_min
A4_FL,A,income,high,13,0.2307692307692308,0.15384615384615385,2.1448717948717952,9.166666666666668,37.896666666666654,-3.3961538461538465
A4_FL,A,income,low,45,0.1111111111111111,0.15555555555555556,-7.389259259259259,14.808148148148153,49.28666666666666,-8.18962962962963
A4_FL,A,income,middle,30,0.3333333333333333,0.16666666666666666,-7.791666666666668,13.152222222222216,36.0633333333333,-2.5972222222222223
A4_FL,A,age,25-44,33,0.18181818181818185,0.15151515151515152,-1.8676767676767667,14.202525252525248,49.92666666666666,-4.385353535353535
A4_FL,A,age,45-64,26,0.1153846153846154,0.3461538461538461,-14.263461538461538,10.350641025641028,45.75833333333333,-10.278205128205126
A4_FL,A,age,65+,15,0.4,0.0,-5.098888888888889,14.487777777777774,39.12333333333332,-5.8199999999999985
A4_FL,A,age,<25,14,0.21428571428571427,0.0,-2.1011904761904767,16.070238095238093,42.98083333333333,0.6178571428571422
A4_FL,A,gender,f,41,0.0975609756097561,0.17073170731707318,-5.652439024390242,14.182926829268288,47.5,-7.355284552845528
A4_FL,A,gender,m,47,0.2978723404255319,0.14893617021276595,-6.524113475177304,12.736170212765956,43.8783333333333,-4.021985815602838
A4_FL,A,car_availability,always,82,0.2073170731707317,0.17073170731707318,-7.1361788617886175,13.080894308943096,47.46166666666666,-6.177642276422764
A4_FL,A,car_availability,never,6,0.16666666666666666,0.0,7.7972222222222225,17.911111111111108,43.95416666666666,2.6611111111111114
A4_FL,A,employment,false,25,0.28,0.08,-9.118,12.99133333333333,44.38999999999998,-6.870666666666667
A4_FL,A,employment,true,63,0.1746031746031746,0.19047619047619047,-4.927513227513226,13.576455026455026,49.43333333333332,-5.060846560846562
A8_FL,A,income,high,13,0.15384615384615385,0.07692307692307693,2.5820512820512818,7.685897435897435,28.519999999999968,-4.8769230769230765
A8_FL,A,income,low,45,0.1111111111111111,0.24444444444444444,-12.488148148148149,13.661851851851852,52.993333333333304,-9.335925925925926
A8_FL,A,income,middle,30,0.3333333333333333,0.13333333333333333,-10.363888888888887,11.252222222222226,31.46083333333332,-4.497222222222222
A8_FL,A,age,25-44,33,0.24242424242424246,0.30303030303030304,-15.553030303030301,9.963636363636363,28.516666666666666,-8.624242424242421
A8_FL,A,age,45-64,26,0.07692307692307693,0.19230769230769232,-9.262179487179488,13.632051282051284,58.09166666666666,-6.996794871794871
A8_FL,A,age,65+,15,0.3333333333333333,0.0,-6.762222222222222,12.665555555555557,24.55999999999999,-7.6422222222222205
A8_FL,A,age,<25,14,0.14285714285714285,0.07142857142857142,1.1559523809523804,12.789285714285715,35.73916666666667,-2.6630952380952384
A8_FL,A,gender,f,41,0.024390243902439025,0.14634146341463414,-7.669918699186994,12.492276422764226,52.13333333333333,-9.045934959349593
A8_FL,A,gender,m,47,0.3404255319148936,0.2127659574468085,-11.167021276595746,11.491134751773048,32.843333333333305,-5.267021276595744
A8_FL,A,car_availability,always,82,0.1951219512195122,0.1951219512195122,-9.824593495934957,12.195731707317073,42.00250000000001,-7.0628048780487775
A8_FL,A,car_availability,never,6,0.16666666666666666,0.0,-5.616666666666667,8.702777777777778,22.7375,-6.5472222222222225
A8_FL,A,employment,false,25,0.24,0.0,-4.335333333333333,14.859333333333336,37.25333333333332,-5.002666666666666
A8_FL,A,employment,true,63,0.1746031746031746,0.25396825396825395,-11.602116402116401,10.806084656084657,41.95499999999999,-7.831216931216928
A12_FL,A,income,high,13,0.3076923076923077,0.07692307692307693,-0.2282051282051281,12.461538461538463,40.97,-0.10128205128205127
A12_FL,A,income,low,45,0.06666666666666668,0.2222222222222222,-16.414444444444445,10.879629629629632,38.61333333333332,-12.118148148148148
A12_FL,A,income,middle,30,0.3,0.16666666666666666,-9.222222222222225,11.432777777777774,30.67083333333333,-4.316666666666666
A12_FL,A,age,25-44,33,0.15151515151515152,0.24242424242424246,-12.80909090909091,10.835858585858583,31.03333333333333,-7.752020202020201
A12_FL,A,age,45-64,26,0.15384615384615385,0.2307692307692308,-17.693589743589747,10.089743589743591,41.61666666666667,-10.539102564102564
A12_FL,A,age,65+,15,0.2,0.13333333333333333,-3.3544444444444435,11.577777777777778,26.56499999999999,-8.729999999999999
A12_FL,A,age,<25,14,0.2857142857142857,0.0,-6.088095238095237,14.35595238095238,40.441666666666656,-1.0964285714285726
A12_FL,A,gender,f,41,0.12195121951219512,0.24390243902439024,-10.503658536585366,12.173170731707316,40.15,-9.365040650406504
A12_FL,A,gender,m,47,0.23404255319148934,0.1276595744680851,-12.502836879432627,10.541843971631208,31.05833333333333,-6.216312056737588
A12_FL,A,car_availability,always,82,0.17073170731707318,0.1951219512195122,-12.467479674796744,11.169512195121955,39.553333333333356,-8.089024390243901
A12_FL,A,car_availability,never,6,0.3333333333333333,0.0,0.6750000000000007,13.111111111111114,34.80416666666666,-2.1388888888888893
A12_FL,A,employment,false,25,0.2,0.12,-9.530666666666667,10.093333333333334,31.589999999999968,-9.768666666666666
A12_FL,A,employment,true,63,0.1746031746031746,0.20634920634920634,-12.381216931216926,11.781481481481485,40.871666666666655,-6.855820105820104
A4_FH,A,income,high,13,0.15384615384615385,0.07692307692307693,-2.0987179487179484,8.779487179487178,32.71999999999998,-3.7833333333333337
A4_FH,A,income,low,45,0.08888888888888889,0.24444444444444444,-11.217777777777775,12.759259259259254,46.46666666666666,-10.238518518518516
A4_FH,A,income,middle,30,0.2,0.3,-9.503333333333332,10.268888888888887,34.74166666666667,-5.480555555555553
A4_FH,A,age,25-44,33,0.12121212121212123,0.30303030303030304,-9.491919191919193,9.840909090909088,38.376666666666665,-8.746969696969694
A4_FH,A,age,45-64,26,0.038461538461538464,0.3461538461538461,-12.525641025641027,12.608333333333334,49.22500000000001,-8.02051282051282
A4_FH,A,age,65+,15,0.26666666666666666,0.0,-1.712222222222222,14.737777777777776,39.12333333333332,-5.570000000000001
A4_FH,A,age,<25,14,0.21428571428571427,0.14285714285714285,-10.899999999999995,8.766666666666667,31.04333333333333,-6.685714285714285
A4_FH,A,gender,f,41,0.0,0.2682926829268293,-8.506910569105692,12.726016260162602,47.5,-8.812195121951222
A4_FH,A,gender,m,47,0.2553191489361702,0.2127659574468085,-9.965957446808508,10.09787234042553,38.81666666666664,-6.660283687943264
A4_FH,A,car_availability,always,82,0.12195121951219512,0.25609756097560976,-9.407926829268293,11.697764227642276,42.14500000000001,-7.560772357723574
A4_FH,A,car_availability,never,6,0.3333333333333333,0.0,-7.622222222222222,6.191666666666666,17.1125,-9.058333333333334
A4_FH,A,employment,false,25,0.24,0.12,-10.769333333333336,10.328666666666663,33.98999999999997,-9.533333333333333
A4_FH,A,employment,true,63,0.09523809523809523,0.2857142857142857,-8.697619047619048,11.716666666666667,42.09,-6.920634920634921
A8_FH,A,income,high,13,0.15384615384615385,0.07692307692307693,1.3089743589743594,9.484615384615383,29.566666666666652,-3.078205128205129
A8_FH,A,income,low,45,0.13333333333333333,0.2,-15.685555555555556,12.82037037037037,48.85333333333331,-10.177407407407406
A8_FH,A,income,middle,30,0.2,0.13333333333333333,-9.473333333333333,10.106111111111113,29.867499999999982,-5.6433333333333335
A8_FH,A,age,25-44,33,0.15151515151515152,0.18181818181818185,-12.823737373737373,10.974747474747472,36.22333333333332,-7.613131313131312
A8_FH,A,age,45-64,26,0.038461538461538464,0.2692307692307692,-13.521794871794869,10.883974358974356,42.675,-9.744871794871797
A8_FH,A,age,65+,15,0.4,0.0,-4.181111111111111,15.706666666666667,42.95999999999997,-4.601111111111111
A8_FH,A,age,<25,14,0.14285714285714285,0.07142857142857142,-9.683333333333334,8.760714285714286,25.974166666666655,-6.691666666666667
A8_FH,A,gender,f,41,0.024390243902439025,0.1951219512195122,-8.493902439024392,12.061382113821134,43.2,-9.476829268292683
A8_FH,A,gender,m,47,0.2765957446808511,0.1276595744680851,-13.29326241134752,10.827304964539008,37.51166666666665,-5.930851063829786
A8_FH,A,car_availability,always,82,0.15853658536585366,0.17073170731707318,-11.849593495934956,11.56239837398374,41.056666666666665,-7.696138211382111
A8_FH,A,car_availability,never,6,0.16666666666666666,0.0,-0.2277777777777773,9.213888888888887,19.8625,-6.036111111111111
A8_FH,A,employment,false,25,0.28,0.08,-10.478666666666667,11.63533333333333,32.11333333333331,-8.226666666666668
A8_FH,A,employment,true,63,0.1111111111111111,0.19047619047619047,-11.286772486772485,11.309788359788358,41.013333333333335,-7.327513227513224
A12_FH,A,income,high,13,0.07692307692307693,0.2307692307692308,0.1179487179487178,5.6,22.65666666666666,-6.962820512820513
A12_FH,A,income,low,45,0.06666666666666668,0.15555555555555556,-13.368888888888891,13.358888888888893,52.35333333333332,-9.638888888888891
A12_FH,A,income,middle,30,0.2333333333333333,0.16666666666666666,-5.456666666666668,14.44,40.590833333333336,-1.3094444444444449
A12_FH,A,age,25-44,33,0.12121212121212123,0.12121212121212123,-12.351010101010099,11.067676767676764,33.70333333333332,-7.520202020202019
A12_FH,A,age,45-64,26,0.0,0.3076923076923077,-11.593589743589744,11.706410256410255,57.02916666666666,-8.922435897435896
A12_FH,A,age,65+,15,0.3333333333333333,0.13333333333333333,-3.4444444444444446,15.494444444444444,39.15833333333333,-4.8133333333333335
A12_FH,A,age,<25,14,0.14285714285714285,0.07142857142857142,-0.22023809523809554,14.652380952380954,39.10666666666667,-0.7999999999999992
A12_FH,A,gender,f,41,0.024390243902439025,0.24390243902439024,-3.721951219512196,15.098373983739837,58.18333333333333,-6.4398373983739825
A12_FH,A,gender,m,47,0.2127659574468085,0.10638297872340426,-13.003546099290784,10.3854609929078,33.29166666666666,-6.3726950354609935
A12_FH,A,car_availability,always,82,0.13414634146341464,0.18292682926829268,-10.227235772357725,12.48048780487805,47.30166666666668,-6.778048780487803
A12_FH,A,car_availability,never,6,0.0,0.0,12.47777777777778,13.958333333333336,23.79166666666667,-1.2916666666666667
A12_FH,A,employment,false,25,0.2,0.08,-6.996666666666665,12.646666666666665,35.29,-7.215333333333333
A12_FH,A,employment,true,63,0.09523809523809523,0.20634920634920634,-9.346825396825393,12.555291005291007,52.56333333333333,-6.082010582010577
A8_FM,A,income,high,13,0.6153846153846154,0.0,-0.7756410256410257,12.537179487179484,27.27333333333332,-0.02564102564102524
A8_FM,A,income,low,45,0.4888888888888889,0.15555555555555556,-20.171111111111113,12.276666666666669,40.50333333333332,-10.721111111111108
A8_FM,A,income,middle,30,0.6666666666666666,0.13333333333333333,-13.317777777777774,13.21611111111111,34.72666666666666,-2.533333333333333
A8_FM,A,age,25-44,33,0.3939393939393939,0.24242424242424246,-19.64343434343434,9.884848484848488,33.02,-8.703030303030301
A8_FM,A,age,45-64,26,0.6153846153846154,0.0,-11.706410256410258,16.04615384615385,47.2875,-4.582692307692309
A8_FM,A,age,65+,15,0.8666666666666667,0.13333333333333333,-17.371111111111112,11.188888888888894,30.395,-9.118888888888888
A8_FM,A,age,<25,14,0.5714285714285714,0.07142857142857142,-7.439285714285715,14.33452380952381,39.160833333333336,-1.117857142857143
A8_FM,A,gender,f,41,0.4634146341463415,0.17073170731707318,-15.326829268292673,13.184552845528454,41.1,-8.353658536585368
A8_FM,A,gender,m,47,0.6595744680851063,0.0851063829787234,-14.657801418439718,12.156382978723402,33.288333333333306,-4.60177304964539
A8_FM,A,car_availability,always,82,0.5487804878048781,0.13414634146341464,-15.94044715447155,12.395731707317074,35.93750000000001,-6.862804878048781
A8_FM,A,car_availability,never,6,0.8333333333333334,0.0,-1.7,15.911111111111113,33.77916666666667,0.6611111111111109
A8_FM,A,employment,false,25,0.8,0.08,-15.912,11.972,30.55333333333333,-7.889999999999999
A8_FM,A,employment,true,63,0.4761904761904762,0.14285714285714285,-14.595502645502641,12.898677248677249,40.591666666666654,-5.738624338624339
A8_SUB1,A,income,high,13,0.3076923076923077,0.07692307692307693,1.102564102564103,12.075641025641026,38.906666666666666,-0.4871794871794871
A8_SUB1,A,income,low,45,0.3555555555555556,0.08888888888888889,-13.212962962962965,13.092592592592592,46.08666666666665,-9.905185185185182
A8_SUB1,A,income,middle,30,0.4666666666666667,0.16666666666666666,-10.636111111111113,11.876111111111104,38.274999999999984,-3.8733333333333335
A8_SUB1,A,age,25-44,33,0.3939393939393939,0.18181818181818185,-16.44848484848485,9.40050505050505,29.64333333333333,-9.187373737373736
A8_SUB1,A,age,45-64,26,0.38461538461538464,0.038461538461538464,-5.536538461538462,16.062820512820515,47.15833333333333,-4.566025641025641
A8_SUB1,A,age,65+,15,0.3333333333333333,0.13333333333333333,-6.171111111111111,12.821111111111113,42.191666666666656,-7.486666666666667
A8_SUB1,A,age,<25,14,0.42857142857142855,0.07142857142857142,-8.572619047619048,13.019047619047615,38.99333333333333,-2.433333333333334
A8_SUB1,A,gender,f,41,0.3414634146341464,0.12195121951219512,-5.852032520325204,15.742682926829266,47.5,-5.795528455284552
A8_SUB1,A,gender,m,47,0.425531914893617,0.10638297872340426,-14.029787234042553,9.723049645390072,33.78166666666665,-7.035106382978723
A8_SUB1,A,car_availability,always,82,0.3780487804878049,0.12195121951219512,-10.80040650406504,12.562804878048782,40.87666666666667,-6.695731707317071
A8_SUB1,A,car_availability,never,6,0.5,0.0,-2.283333333333333,12.047222222222222,34.025,-3.2027777777777784
A8_SUB1,A,employment,false,25,0.4,0.12,-9.544666666666666,11.51333333333333,39.52666666666666,-8.348666666666666
A8_SUB1,A,employment,true,63,0.3809523809523809,0.1111111111111111,-10.487566137566132,12.930158730158732,40.85333333333333,-5.707142857142853
B6_PTI,B,income,high,5,0.4,0.2,-2.4233333333333342,24.85,46.41333333333333,8.536666666666667
B6_PTI,B,income,low,35,0.4857142857142857,0.028571428571428567,-4.455238095238093,23.169047619047607,55.90666666666666,-1.8733333333333335
B6_PTI,B,income,middle,30,0.4666666666666667,0.2333333333333333,-9.593333333333335,16.55666666666667,47.75916666666666,-1.607222222222222
B6_PTI,B,age,25-44,27,0.4444444444444444,0.2222222222222222,-2.7098765432098784,19.98888888888889,48.34166666666667,0.15370370370370387
B6_PTI,B,age,45-64,15,0.5333333333333333,0.13333333333333333,-5.0455555555555565,25.352222222222228,60.31333333333333,1.8066666666666664
B6_PTI,B,age,65+,18,0.5555555555555556,0.05555555555555555,-2.3759259259259253,20.785185185185185,48.7525,0.18055555555555605
B6_PTI,B,age,<25,10,0.3,0.0,-26.423333333333336,13.775,41.1458333333333,-10.56
B6_PTI,B,gender,f,27,0.4074074074074074,0.1111111111111111,-9.188271604938274,24.47716049382716,57.49333333333333,-0.7111111111111112
B6_PTI,B,gender,m,43,0.5116279069767442,0.13953488372093026,-4.831782945736434,17.929844961240303,47.61833333333334,-1.2069767441860457
B6_PTI,B,car_availability,always,66,0.5,0.13636363636363635,-3.0664141414141417,21.694949494949487,53.20833333333333,1.1547979797979795
B6_PTI,B,car_availability,never,4,0.0,0.0,-63.36666666666667,0.0,0.0,-36.829166666666666
B6_PTI,B,employment,false,35,0.42857142857142855,0.11428571428571427,-11.032857142857145,18.204285714285714,49.56999999999998,-3.708571428571428
B6_PTI,B,employment,true,35,0.5142857142857142,0.14285714285714285,-1.991428571428572,22.706190476190475,53.32833333333331,1.6771428571428568
C22_PTI,C,income,high,436,0.2889908256880734,0.2981651376146789,2.2992737003058106,5.770527522935784,21.99583333333333,-0.1297782874617737
C22_PTI,C,income,low,796,0.21105527638190955,0.14949748743718594,4.0836474036850925,6.684024288107199,25.08333333333333,-1.43391959798995
C22_PTI,C,income,middle,600,0.23166666666666666,0.2816666666666667,0.470638888888889,6.523472222222224,25.57749999999993,-0.8919166666666678
C22_PTI,C,age,25-44,599,0.24373956594323876,0.2487479131886477,2.2400667779632752,7.348024485253197,26.90000000000001,-1.0788814691151938
C22_PTI,C,age,45-64,630,0.24761904761904766,0.27936507936507937,1.8863492063492069,6.070661375661372,22.699999999999985,-1.324259259259261
C22_PTI,C,age,65+,270,0.2074074074074074,0.1925925925925926,2.5039506172839494,4.92493827160494,20.91499999999999,-0.6424691358024696
C22_PTI,C,age,<25,333,0.22522522522522526,0.12312312312312312,3.991541541541539,6.59099099099099,26.31,-0.23763763763763746
C22_PTI,C,gender,f,981,0.23955147808358815,0.2517838939857289,2.0615868161739708,5.857441386340471,22.16666666666667,-1.0191811077132191
C22_PTI,C,gender,m,851,0.2326674500587544,0.2009400705052879,2.9530356443399963,7.0556600078339144,26.700000000000006,-0.8617117117117119
C22_PTI,C,car_availability,always,1671,0.23518850987432674,0.25014961101137045,2.29966088170756,6.392908438061039,24.141666666666666,-1.0833532814681823
C22_PTI,C,car_availability,never,161,0.2484472049689441,0.0,4.302587991718427,6.633333333333335,23.36666666666667,0.479192546583851
C22_PTI,C,employment,false,488,0.22131147540983606,0.12704918032786885,3.2295765027322387,5.768989071038258,23.30833333333333,-0.19118852459016406
C22_PTI,C,employment,true,1344,0.2418154761904762,0.2648809523809524,2.2019469246031766,6.648251488095237,24.20583333333332,-1.2201140873015868
