scenario,case,dimension,group,n,mean_delta_score,median_delta_score,p10_delta_score,p90_delta_score,share_better,share_worse,share_using_drt
A4_FL,A,income,high,12,-1.031816221050762,-0.3858840940185999,-5.2437842173834674,2.7277972171557336,0.4166666666666667,0.5833333333333334,0.25
A4_FL,A,income,low,31,-6.416430009698964,-6.6665284364170105,-16.854029596846498,1.6177253379168235,0.1935483870967742,0.8064516129032258,0.1935483870967742
A4_FL,A,income,middle,24,-4.627843214525504,-3.046013877820521,-12.715843076743267,1.4904475345082155,0.2916666666666667,0.7083333333333334,0.375
A4_FL,A,age,25-44,26,-5.951697229160858,-4.6944754918692695,-14.365655239642436,0.7576116064807934,0.19230769230769232,0.8076923076923077,0.2692307692307692
A4_FL,A,age,45-64,19,-4.831933601786079,-2.4814973321255285,-16.287584736353413,2.854983995068716,0.3684210526315789,0.631578947368421,0.15789473684210525
A4_FL,A,age,65+,10,-1.3073486741770566,-1.0025645489095112,-6.7097413923130045,1.5414389880699124,0.4,0.6,0.4
A4_FL,A,age,<25,12,-5.2279174140000615,-6.129843741529528,-13.003776230693116,1.8422973749761204,0.16666666666666666,0.8333333333333334,0.3333333333333333
A4_FL,A,gender,f,31,-4.430117395464749,-4.85307855667277,-10.875123925143528,1.6177253379168235,0.25806451612903225,0.7419354838709677,0.1935483870967742
A4_FL,A,gender,m,36,-5.139603412291162,-2.803458916904532,-16.40420317827902,2.4521371093724085,0.2777777777777778,0.7222222222222222,0.3333333333333333
A4_FL,A,car_availability,always,61,-4.782921807238193,-3.0674873767030983,-13.188236114374547,1.7458891106631995,0.2786885245901639,0.7213114754098361,0.26229508196721313
A4_FL,A,car_availability,never,6,-5.100188643393217,-4.770310720152715,-11.472237681436772,0.9419824714098368,0.16666666666666666,0.8333333333333334,0.3333333333333333
A4_FL,A,employment,false,19,-5.256667812770696,-2.113444991595472,-16.529192137029213,1.4195957585128975,0.2631578947368421,0.7368421052631579,0.3157894736842105
A4_FL,A,employment,true,48,-4.635055701234289,-3.5040466529793686,-12.270567452019222,2.0731918128273823,0.2708333333333333,0.7291666666666666,0.25
A8_FL,A,income,high,12,-0.5694694051286587,0.1850233301636166,-4.554005066439859,1.6970652668892998,0.5,0.5,0.25
A8_FL,A,income,low,31,-6.286363357243713,-3.3162822367284686,-16.40165513910651,1.006215669288693,0.2903225806451613,0.7096774193548387,0.12903225806451613
A8_FL,A,income,middle,24,-4.3079958640581815,-2.7173730906461633,-10.084759962538367,0.3658473136238085,0.20833333333333331,0.7916666666666666,0.4166666666666667
A8_FL,A,age,25-44,26,-5.32868977523682,-3.15502751208642,-10.96077547757048,0.30830192251785604,0.19230769230769232,0.8076923076923077,0.3461538461538461
A8_FL,A,age,45-64,19,-5.710875786182144,-4.72485069521197,-13.640234091228127,1.9821767892975732,0.3684210526315789,0.631578947368421,0.10526315789473684
A8_FL,A,age,65+,10,-0.13729307595719292,0.06112777670074365,-1.7220351178026998,1.3536413376962937,0.5,0.5,0.3
A8_FL,A,age,<25,12,-4.723107735025447,-1.71904618267898,-12.609514450348975,0.8999946933157349,0.25,0.75,0.25
A8_FL,A,gender,f,31,-3.5491391092145816,-1.606113013456138,-12.153381302794829,1.6177253379168235,0.3548387096774194,0.6451612903225806,0.12903225806451613
A8_FL,A,gender,m,36,-5.418874591328978,-1.8844419978812328,-14.13946801077244,0.9085582387648116,0.25,0.75,0.3611111111111111
A8_FL,A,car_availability,always,61,-4.730471938069046,-2.087450597979398,-12.153381302794829,1.2576506729242,0.29508196721311475,0.7049180327868853,0.2459016393442623
A8_FL,A,car_availability,never,6,-2.7573349085472523,-0.2804192713161981,-9.709024773298689,1.7174393189731276,0.3333333333333333,0.6666666666666666,0.3333333333333333
A8_FL,A,employment,false,19,-4.839208034493076,-0.4216979578670959,-16.891027359289716,1.4496320024683875,0.3684210526315789,0.631578947368421,0.2631578947368421
A8_FL,A,employment,true,48,-4.440788437877644,-3.15502751208642,-10.634663205459104,1.1896685698771348,0.2708333333333333,0.7291666666666666,0.25
A12_FL,A,income,high,12,-0.620581317790973,-0.09840071098322767,-3.8090792765628962,1.7040741403292332,0.4166666666666667,0.5833333333333334,0.3333333333333333
A12_FL,A,income,low,31,-7.560840122968911,-5.8923802950475945,-17.616800284897153,0.7865229465952268,0.16129032258064516,0.8387096774193549,0.12903225806451613
A12_FL,A,income,middle,24,-3.7239185760967466,-2.840778555144489,-9.960656722221337,1.9101249919642425,0.3333333333333333,0.6666666666666666,0.375
A12_FL,A,age,25-44,26,-5.131393459182795,-3.2442848154976147,-13.731944353334859,1.7430201934976708,0.2692307692307692,0.7307692307692307,0.2307692307692308
A12_FL,A,age,45-64,19,-6.686422065371004,-4.72485069521197,-17.94991849483882,1.9821767892975732,0.21052631578947367,0.7894736842105263,0.21052631578947367
A12_FL,A,age,65+,10,-0.9775225156746529,-0.005772218371774329,-4.3182778476581305,0.9870500769288636,0.5,0.5,0.2
A12_FL,A,age,<25,12,-5.0811325928584585,-2.37471605458866,-12.880477342099905,0.3049337610257455,0.16666666666666666,0.8333333333333334,0.4166666666666667
A12_FL,A,gender,f,31,-3.837652750200653,-3.0674873767030983,-13.18059166993007,1.9531571818393871,0.3225806451612903,0.6774193548387096,0.1935483870967742
A12_FL,A,gender,m,36,-5.895550838767488,-3.0175759939390048,-17.146914567096342,1.2230907823704626,0.2222222222222222,0.7777777777777778,0.3055555555555556
A12_FL,A,car_availability,always,61,-5.0238815051779415,-3.0674873767030983,-15.134050989813332,1.7458891106631995,0.2786885245901639,0.7213114754098361,0.2295081967213115
A12_FL,A,car_availability,never,6,-4.1250489393325696,-1.8031341764015492,-11.934597370459265,1.3625847288631048,0.16666666666666666,0.8333333333333334,0.5
A12_FL,A,employment,false,19,-4.981163248876487,-1.6814333977830669,-16.864983136415848,1.130464122361467,0.3157894736842105,0.6842105263157895,0.2631578947368421
A12_FL,A,employment,true,48,-4.9284367442332595,-3.6497757032956737,-14.468587411320069,1.7650373421409116,0.25,0.75,0.25
A4_FH,A,income,high,12,-0.4049512730194979,-0.2296630958909489,-1.9447282124721923,1.6970652668892998,0.4166666666666667,0.5833333333333334,0.16666666666666666
A4_FH,A,income,low,31,-6.9239994547328605,-4.842027082012464,-19.01651059687065,0.3597183189300779,0.16129032258064516,0.8387096774193549,0.12903225806451613
A4_FH,A,income,middle,24,-3.9134996835335225,-2.3037428281846104,-11.942113840195232,0.6258543379392248,0.25,0.75,0.20833333333333331
A4_FH,A,age,25-44,26,-5.905083875573897,-4.1403800571155935,-13.964913863382675,0.3083019225178489,0.19230769230769232,0.8076923076923077,0.15384615384615385
A4_FH,A,age,45-64,19,-4.40133927478265,-1.3578445085610014,-18.520408091232987,1.9821767892975732,0.3157894736842105,0.6842105263157895,0.05263157894736842
A4_FH,A,age,65+,10,-1.0307670631916124,-0.7090796598670508,-4.8612699873637615,1.3223750509226275,0.4,0.6,0.2
A4_FH,A,age,<25,12,-5.496841096670782,-1.7893814301193558,-12.131488692958989,-0.4508511536628192,0.08333333333333333,0.9166666666666666,0.3333333333333333
A4_FH,A,gender,f,31,-3.7858168122731812,-1.8467080694614992,-12.226176119340865,1.6177253379168235,0.2903225806451613,0.7096774193548387,0.0
A4_FH,A,gender,m,36,-5.446307488813572,-2.047183165733358,-16.460357849384508,0.5300053865039018,0.19444444444444445,0.8055555555555556,0.3055555555555556
A4_FH,A,car_availability,always,61,-4.6485755994786295,-2.110801423406315,-13.28977773742507,1.2576506729242,0.26229508196721313,0.7377049180327869,0.13114754098360654
A4_FH,A,car_availability,never,6,-4.977379868260125,-1.3596140481666479,-13.120832762303793,-0.4516927943099347,0.0,1.0,0.5
A4_FH,A,employment,false,19,-4.78094957880958,-1.6814333977830669,-18.427834686917116,0.9846254518927194,0.21052631578947367,0.7894736842105263,0.2631578947368421
A4_FH,A,employment,true,48,-4.637278099591149,-2.8929613439614386,-12.545256604766125,1.1896685698771348,0.25,0.75,0.125
A8_FH,A,income,high,12,-0.5834592810087914,-0.33976882212107995,-2.2551134791093475,1.2261217463208651,0.3333333333333333,0.6666666666666666,0.16666666666666666
A8_FH,A,income,low,31,-7.046823195233947,-7.373910500755103,-15.359203885907164,1.6177253379168235,0.1935483870967742,0.8064516129032258,0.1935483870967742
A8_FH,A,income,middle,24,-4.055111662122845,-1.8126574152365509,-11.73876121866366,1.4984536511605693,0.3333333333333333,0.6666666666666666,0.20833333333333331
A8_FH,A,age,25-44,26,-5.6269539649563525,-3.7138143319379617,-14.450445463452688,0.9847598685229569,0.2692307692307692,0.7307692307692307,0.19230769230769232
A8_FH,A,age,45-64,19,-5.503178659877354,-2.330866157403477,-14.439118780806654,1.9401327076737764,0.3157894736842105,0.6842105263157895,0.05263157894736842
A8_FH,A,age,65+,10,-1.6145917472664837,-1.0610997945015797,-4.424123528533161,0.9728700527728108,0.3,0.7,0.4
A8_FH,A,age,<25,12,-4.647382934675535,-1.6489918507764398,-12.214311847243524,1.6746399547360815,0.16666666666666666,0.8333333333333334,0.25
A8_FH,A,gender,f,31,-3.8587440839429683,-2.330866157403477,-10.3160375972465,1.674969198111242,0.3225806451612903,0.6774193548387096,0.03225806451612903
A8_FH,A,gender,m,36,-5.643184547585392,-2.094742439023534,-16.855610731302512,0.8207530225785149,0.2222222222222222,0.7777777777777778,0.3333333333333333
A8_FH,A,car_availability,always,61,-4.935122067583821,-2.217866126212669,-12.449742589620866,1.6177253379168235,0.2786885245901639,0.7213114754098361,0.18032786885245905
A8_FH,A,car_availability,never,6,-3.6222106987821827,-0.7907702458332011,-12.86296403872648,2.787102188213133,0.16666666666666666,0.8333333333333334,0.3333333333333333
A8_FH,A,employment,false,19,-5.448810759066301,-1.6814333977830669,-19.63376231086313,1.0045265144663174,0.21052631578947367,0.7894736842105263,0.3157894736842105
A8_FH,A,employment,true,48,-4.567673039438469,-2.5423100856596506,-12.43910144916245,1.6962868099118866,0.2916666666666667,0.7083333333333334,0.14583333333333334
A12_FH,A,income,high,12,-1.913914187828456,0.0614177454421494,-9.693725207631543,1.5406895048984852,0.5,0.5,0.08333333333333333
A12_FH,A,income,low,31,-7.9011629380200175,-8.158185717656224,-15.618201468746106,0.3019072414183768,0.12903225806451613,0.8709677419354839,0.0967741935483871
A12_FH,A,income,middle,24,-4.534088927932352,-2.9925387360764124,-13.192053791855296,2.5521618681026657,0.2916666666666667,0.7083333333333334,0.2916666666666667
A12_FH,A,age,25-44,26,-6.376604042722533,-4.200426043547225,-13.472886690262444,1.5277805366021084,0.2307692307692308,0.7692307692307693,0.19230769230769232
A12_FH,A,age,45-64,19,-6.0561374128816245,-3.390610435469469,-16.84070859687413,1.9821767892975732,0.3157894736842105,0.6842105263157895,0.0
A12_FH,A,age,65+,10,-2.5042364853917105,-1.011106161125852,-8.981823678821051,1.0070455762300212,0.4,0.6,0.3
A12_FH,A,age,<25,12,-5.901706232790389,-5.280648154221055,-13.673074896853848,-0.14400923224582124,0.08333333333333333,0.9166666666666666,0.25
A12_FH,A,gender,f,31,-4.3271426771463055,-3.390610435469469,-10.82336490298243,1.6767753847270512,0.2903225806451613,0.7096774193548387,0.06451612903225806
A12_FH,A,gender,m,36,-6.738325905872308,-3.287062210259428,-14.73824603131252,1.275669414746481,0.2222222222222222,0.7777777777777778,0.25
A12_FH,A,car_availability,always,61,-5.7392205957364855,-3.8203704066030326,-13.545867317497196,1.6767753847270512,0.2786885245901639,0.7213114754098361,0.16393442622950818
A12_FH,A,car_availability,never,6,-4.438116543835498,-0.8011194662404861,-12.293842247311089,-0.21938791795491847,0.0,1.0,0.16666666666666666
A12_FH,A,employment,false,19,-6.57212667375197,-1.6814333977830669,-18.248637296767868,0.7560740763594251,0.21052631578947367,0.7894736842105263,0.21052631578947367
A12_FH,A,employment,true,48,-5.246890600034399,-3.944099024494271,-13.443694439368539,2.033385707250329,0.2708333333333333,0.7291666666666666,0.14583333333333334
A8_FM,A,income,high,12,-0.11182791195721838,-0.04505506438684392,-2.2295864744064398,2.0871011720369,0.5,0.5,0.6666666666666666
A8_FM,A,income,low,31,-9.003070962150877,-7.321907259020988,-20.902603237832263,3.888785933850869,0.1935483870967742,0.8064516129032258,0.5161290322580645
A8_FM,A,income,middle,24,-3.2143114328866,-2.033954514556079,-11.060926754496169,4.64418547686752,0.2916666666666667,0.7083333333333334,0.6666666666666666
A8_FM,A,age,25-44,26,-6.633856452882032,-6.295039260209308,-16.915967834248537,1.8936533071345851,0.2307692307692308,0.7692307692307693,0.4615384615384616
A8_FM,A,age,45-64,19,-6.195194366096673,-2.2805968386614808,-20.5480159800158,3.9969756507713483,0.3157894736842105,0.6842105263157895,0.631578947368421
A8_FM,A,age,65+,10,-4.437576142014168,-3.0646484343841816,-17.416480641817042,5.2987312895100755,0.3,0.7,0.9
A8_FM,A,age,<25,12,-1.9179905840442464,-1.128764279211751,-8.09283950864557,1.9994076615242442,0.3333333333333333,0.6666666666666666,0.5833333333333334
A8_FM,A,gender,f,31,-5.085006844573932,-2.593557012395266,-16.476199119570722,3.888785933850869,0.2903225806451613,0.7096774193548387,0.5161290322580645
A8_FM,A,gender,m,36,-5.554038804934733,-2.4987086332400565,-19.129169893379316,3.2701328739976963,0.2777777777777778,0.7222222222222222,0.6666666666666666
A8_FM,A,car_availability,always,61,-5.925012369098869,-3.4145014303191488,-17.35573654892636,3.888785933850869,0.26229508196721313,0.7377049180327869,0.5737704918032787
A8_FM,A,car_availability,never,6,0.6408575592648234,-0.1152228132509876,-1.273522261076813,3.311317752122272,0.5,0.5,0.8333333333333334
A8_FM,A,employment,false,19,-4.924331371947488,-1.969995684491792,-17.803827596929843,4.604020722309696,0.3157894736842105,0.6842105263157895,0.7894736842105263
A8_FM,A,employment,true,48,-5.500381522759166,-2.7778514321863668,-16.740060348377412,2.9449768963672205,0.2708333333333333,0.7291666666666666,0.5208333333333334
A8_SUB1,A,income,high,12,-0.4411183857316523,-0.5750017592242713,-2.7974935518300272,1.6971901809944714,0.4166666666666667,0.5833333333333334,0.3333333333333333
A8_SUB1,A,income,low,31,-5.2985994083239305,-4.7268157118646466,-17.545996457691118,3.6138101026894702,0.1935483870967742,0.8064516129032258,0.3870967741935484
A8_SUB1,A,income,middle,24,-3.643800232442804,-1.7960801210675117,-11.755733027764132,2.4806777094530768,0.3333333333333333,0.6666666666666666,0.4583333333333333
A8_SUB1,A,age,25-44,26,-5.826879581109005,-5.168771889349267,-13.222971127664092,0.3083019225178489,0.19230769230769232,0.8076923076923077,0.4230769230769231
A8_SUB1,A,age,45-64,19,-3.754368797687949,-3.322358262594776,-11.560932769527733,3.66880526892175,0.42105263157894735,0.5789473684210527,0.42105263157894735
A8_SUB1,A,age,65+,10,0.6297492574220342,0.01685188970821372,-5.103614522984583,6.517635730969468,0.5,0.5,0.3
A8_SUB1,A,age,<25,12,-3.3722353478970133,-2.1071347458168863,-9.448996076997748,-0.15202467794217825,0.08333333333333333,0.9166666666666666,0.4166666666666667
A8_SUB1,A,gender,f,31,-3.362944946297233,-2.8213953403810166,-9.893381760004658,2.927327503835073,0.3225806451612903,0.6774193548387096,0.3870967741935484
A8_SUB1,A,gender,m,36,-4.24305318139541,-2.8804403208983587,-13.222971127664092,1.4694488511235164,0.25,0.75,0.4166666666666667
A8_SUB1,A,car_availability,always,61,-3.9962482189951993,-3.178503186925596,-11.83355956641566,2.927327503835073,0.3114754098360656,0.6885245901639344,0.3934426229508197
A8_SUB1,A,car_availability,never,6,-2.205011084456977,-1.8754277213132653,-4.135460135158283,-0.6041453968993835,0.0,1.0,0.5
A8_SUB1,A,employment,false,19,-2.40861397514526,-1.1684779877554092,-9.676530755308908,3.78145254322972,0.2631578947368421,0.7368421052631579,0.3684210526315789
A8_SUB1,A,employment,true,48,-4.4007821320351885,-3.3402187928442966,-12.118101445894089,2.0697817160372187,0.2916666666666667,0.7083333333333334,0.4166666666666667
B6_PTI,B,income,high,5,-1.2430821569353492,-1.6317722839192044,-2.157721598117276,-0.17375345417559054,0.2,0.8,0.4
B6_PTI,B,income,low,23,-9.48543451377136,-7.883185242025249,-19.408258798725523,0.6701589752895929,0.17391304347826084,0.8260869565217391,0.5217391304347826
B6_PTI,B,income,middle,19,-5.901239363220369,-4.4262490505711165,-11.932164971684802,0.990868793471088,0.21052631578947367,0.7894736842105263,0.4736842105263158
B6_PTI,B,age,25-44,18,-5.6322138572819584,-3.3507870203683083,-13.230294756065335,0.8870000304492098,0.2777777777777778,0.7222222222222222,0.4444444444444444
B6_PTI,B,age,45-64,11,-10.943877907774462,-6.0893338819480505,-32.59091620078927,-0.3180829634740263,0.09090909090909093,0.9090909090909092,0.6363636363636364
B6_PTI,B,age,65+,12,-6.217153129849542,-6.29838362159451,-11.758307957689835,-0.5733916272926805,0.08333333333333333,0.9166666666666666,0.5
B6_PTI,B,age,<25,6,-6.6892680879693645,-7.202741758012827,-15.014347979960904,2.1492854740656355,0.3333333333333333,0.6666666666666666,0.3333333333333333
B6_PTI,B,gender,f,20,-7.333553024543026,-6.3717323876852845,-16.80367867984797,1.137379853804852,0.25,0.75,0.45
B6_PTI,B,gender,m,27,-7.030847852286838,-5.5541020551174825,-13.4002046560516,0.16268066649345853,0.14814814814814814,0.8518518518518519,0.5185185185185185
B6_PTI,B,car_availability,always,44,-7.253286253304287,-5.748369202441992,-16.2160316896776,0.8721125185854937,0.18181818181818185,0.8181818181818182,0.5227272727272727
B6_PTI,B,car_availability,never,3,-5.786452452405489,-7.883185242025249,-9.477654178761497,-1.2565576102015792,0.3333333333333333,0.6666666666666666,0.0
B6_PTI,B,employment,false,24,-7.215305003758044,-7.032426579682479,-14.536787474863988,0.6461546164464236,0.20833333333333331,0.7916666666666666,0.375
B6_PTI,B,employment,true,23,-7.1015927135831305,-4.4262490505711165,-15.914658313860675,0.7446635731497799,0.17391304347826084,0.8260869565217391,0.6086956521739131
C22_PTI,C,income,high,281,-3.480836930746108,-2.8690129224244174,-7.770897072246242,0.02819513939823537,0.10676156583629894,0.8932384341637011,0.3060498220640569
C22_PTI,C,income,low,522,-7.201320446433827,-4.833289515361145,-15.030083322760195,0.12670403290554924,0.1206896551724138,0.8793103448275862,0.20689655172413796
C22_PTI,C,income,middle,387,-4.262374994670044,-3.6786539059305876,-10.432274439127523,0.18533477890514485,0.11886304909560726,0.8811369509043928,0.2454780361757106
C22_PTI,C,age,25-44,398,-5.2310918376157725,-4.323420872625647,-12.120964772777972,0.03151178358122147,0.10050251256281408,0.8994974874371859,0.25879396984924624
C22_PTI,C,age,45-64,409,-6.199352854528597,-3.639152172486149,-11.33746225000558,0.2294650809002803,0.13202933985330073,0.8679706601466992,0.2469437652811736
C22_PTI,C,age,65+,169,-4.425222801609054,-2.931204524216412,-11.780186375006966,0.17607310794924008,0.14201183431952666,0.8579881656804734,0.2248520710059172
C22_PTI,C,age,<25,214,-4.772761921356149,-3.380591361258027,-11.397701753014815,-0.032342343873710225,0.09813084112149532,0.9018691588785048,0.21962616822429906
C22_PTI,C,gender,f,656,-5.005482189951408,-3.8205097275501467,-11.857872061005262,0.05390579688580743,0.10670731707317073,0.8932926829268293,0.25
C22_PTI,C,gender,m,534,-5.8111371852196525,-3.5930488580630358,-11.703243460591727,0.265422180153439,0.12921348314606745,0.8707865168539326,0.2340823970037453
C22_PTI,C,car_availability,always,1087,-5.470349195846461,-3.793944101862536,-11.836131415309096,0.12352537497837646,0.11683532658693653,0.8831646734130635,0.2419503219871205
C22_PTI,C,car_availability,never,103,-4.276446578935176,-2.8828642186243343,-11.32200399122626,0.05515332860741168,0.11650485436893206,0.883495145631068,0.2524271844660194
C22_PTI,C,employment,false,312,-6.6142658614797,-3.29918259891538,-12.842024988684992,0.044797467230007465,0.1153846153846154,0.8846153846153846,0.2307692307692308
C22_PTI,C,employment,true,878,-4.923795700152339,-3.867054663535314,-11.505366601035604,0.2027003268385695,0.11731207289293848,0.8826879271070615,0.2471526195899772
